"Location ID","Shift ID","Depth Top","Depth Base","Remarks"
"SB-1","","3.25","","Liquid Limit (LL) = 26 Plasticity Index (PI) = 5"
"SB-1","","1.25","","pH = 4.94 pH (0 ft to 2.5 ft) Gravel = 16.1 %, Sand = 43.8 %, Fines = 40.1 %"
"SB-1","","20.75","","pH = 6.06 (20 ft to 21.5 ft)"
"SB-1","","0.00","","@ 0.0' NATIVE CONTACT "
"SB-1","","10.00","","Initial drive in SS-4 was 50/5"""
"SB-1","","15.00","","Sample interval from 15 ft to 16.5 ft was omitted because of consistent hard material"
"SB-1","","45.00","","Initial drive in SS-7 was 50/5"""
"SB-1","","8.25","","Initial drive in SS-3 was 50/2"" pH = 5.89 (7.5 ft to 9 ft)"
"SB-1","","5.75","","pH = 4.32 (5 ft to 6.5 ft)"
"SB-33","","8.25","","pH = 3.6 (7.5 ft to 9 ft), WC = 25.1 %"
"SB-33","","20.00","","Initial drive in SS-6 was 50/0"""
"SB-33","","5.75","","pH = 3.8 (5 ft to 6.5 ft)"
"SB-33","","50.20","","Initial drive in SS-9 was 50/5"""
"SB-33","","15.15","","Initial drive in SS-5 was 50/4"""
"SB-33","","30.15","","Initial drive in SS-7 was 50/4"""
"SB-33","","20.75","","pH = 5.6 (20 ft to 21.5 ft)"
"SB-33","","0.00","","@ 0.0' NATIVE CONTACT "
"SB-33","","15.75","","pH = 5.0 (15 ft to 16.5 ft)"
"SB-33","","40.00","","Initial drive in SS-8 was 50/1"""
"SB-33","","3.25","","pH = 4.7 (2.5 ft to 4 ft),  Water Content (WC) = 14.6 %, Gravel = 41.1 %, Sand = 31.9 %, Fines = 27.0 %"
"SB-33","","60.00","","Initial drive in SS-10 was 50/0"""
"SB-33","","65.00","","Initial drive in SS-11 was 50/0"""
"SB-9","","30.75","","PP = 4.0 tsf, pH = 6 (30 ft to 31.5 ft) WC = 20.4 %"
"SB-9","","5.75","","PP = 1.5 tsf, LL = 38, PI = 18, pH = 3.5 (5 ft to 6.5 ft), Su = 3070 pcf, DD = 101 pcf, WC = 20 %, UC, fines = 58.61 %"
"SB-9","","3.25","","pH = 5.0 (2.5 ft to 4 ft)"
"SB-9","","7.50","","@ 7.5' NATIVE CONTACT"
"SB-9","","40.75","","pH = 5.0 (40 ft to 41.5 ft) WC = 20.2 %, Su = 277 psf, DD = 107 pcf, UC"
"SB-9","","70.75","","pH = 6.0 (70 ft to 71.5 ft)"
"SB-9","","50.75","","PP = 4.0 tsf, pH = 6.5 (50 ft to 51.5 ft)"
"SB-9","","20.75","","LL = 29, PI = 9, pH = 5.0 (20 ft to 21.5 ft) WC= 16.4 %, fines = 18.39 %"
"SB-9","","60.75","","pH = 5.0 (60 ft to 61.5 ft)"
"SB-9","","10.75","","PP = 2.0 tsf, pH = 5.5 (10 ft to 11.5 ft), C = 595 psf, phi = 28 degrees, DD = 96 pcf, WC = 19.6%, DS"
"SB-9","","8.25","","PP = 1.5 tsf, pH = 6.0 (7.5 ft to 9 ft)"
"SB-9","","35.75","","PP = 1.5 tsf, pH = 6.0 (35 ft to 36.5 ft)"
"SB-9","","21.00","","250 psi applied to shelby tube, PP = 0.5 tsf"
"SB-9","","45.75","","pH = 5.5 (45 ft to 46.5 ft)"
"SB-9","","25.75","","PP = 1.0 tsf, pH = 6.0 (25 ft to 26.5 ft), C = 360 psf, phi = 23 degrees, DD = 85 pcf, WC = 27.2%, DS"
"SB-9","","67.00","","68'-70' sample is wet, perched groundwater (GW)"
"SB-9","","55.00","","Gregg's Drilling forgot to sample at 55'"
"SB-9","","80.75","","Initial drive in SS-15 was 50/0"", pH = 6.0 (80 ft to 81.5 ft)"
"SB-9","","15.75","","PP = 1.0 tsf, pH = 5.0 (15 ft to 16.5 ft)"
"SB-11","","26.00","","800 PSI applied to shelby tube, PP = 1.5 TSF"
"SB-11","","40.75","","PP = 1.5 tsf, WC = 18.1 %"
"SB-11","","80.75","","PP = 4.5 tsf, WC = 10.8%, DD = 119 pcf, Cc = 0.1, Cr = 0.02, CO"
"SB-11","","20.75","","PP = 0.5 TSF"
"SB-11","","50.75","","PP = 3.5 tsf"
"SB-11","","25.00","","@ 25.0' NATIVE CONTACT "
"SB-11","","45.75","","PP = 2.5 tsf, WC = 14 %"
"SB-11","","35.75","","PP = 1.5 tsf"
"SB-11","","60.75","","PP = 4.5 tsf, WC = 22 % "
"SB-11","","30.75","","PP = 3.0 tsf"
"SB-11","","75.75","","PP = 4.5 tsf"
"SB-11","","25.75","","LL = 44, PI = 16"
"SB-11","","8.25","","LL = 41, PI = 10, Cc=0.19, Cr=0.04, Gravel = 1.2 %, Sand = 55.3 %, Fines = 43.5 %, CO"
"SB-11","","16.00","","400 PSI applied to shelby tube, PP = 1.0 tsf"
"SB-11","","10.75","","PP = 1.0 tsf"
"SB-11","","8.50","","PP = 1.5 tsf"
"SB-11","","70.75","","PP = 4.5 tsf"
"SB-11","","15.75","","LL = 42, PI = 16, phi= 35 deg, WC=25.7%, Fines = 43.64 %, DS"
"SB-11","","65.75","","PP = 4.5 tsf"
"SB-11","","55.75","","PP = 4.0 tsf"
"SB-11","","5.75","","PP = 1.0 tsf"
"SB-11","","3.25","","PP = 3.0 tsf, WC = 15.7 %"
"SB-34","","8.25","","PP = 2.0 tsf pH = 3.45 (7.5 ft to 10 ft)"
"SB-34","","25.75","","PP = 4.5 tsf pH = 3.37 (25 ft to 30 ft)"
"SB-34","","43.00","","BEDROCK @ 43'"
"SB-34","","3.25","","PP = 3.5 tsf pH = 3.57 (2.5 ft to 5 ft)"
"SB-34","","35.75","","pH = 3.96 pH (35 ft to 40 ft), Gravel = 28.4 %, Sand = 54.7 %, Fines = 16.9 %, WC = 38.6 %"
"SB-34","","5.75","","PP = 4.5 tsf pH = 3.55 (5 ft to 7.5 ft), Liquid Limit (LL) = 37, Plasticity Index (PI) = 14, Fines = 49.8 %, DS"
"SB-34","","15.75","","PP = 4.0 tsf pH = 4.12 (15 ft to 20 ft)"
"SB-34","","30.75","","pH = 3.67 pH (30 ft to 35 ft)"
"SB-34","","45.00","","Initial drive in SS-11 was 50/0"""
"SB-34","","10.75","","PP = 3.5 tsf pH = 3.65 (10 ft to 15 ft), Fines = 37.5 %, DS"
"SB-34","","50.00","","Initial drive in SS-12 was 50/0"""
"SB-34","","20.75","","pH = 5.21 (20 ft to 25 ft), LL = 44, PI = 12, Fines = 15.81 %"
"SB-34","","0.00","","@ 0.0' NATIVE CONTACT, pH = 3.46 (0 ft to 2.5 ft)"
"SB-5","","30.75","","PP = 4.50 tsf"
"SB-5","","3.25","","PP = 2.00 tsf, Gravel = 35.8 %, Sand = 42.7 %, Fines = 21.5 %"
"SB-5","","40.00","","Initial drive in SS-10 was 50/5"""
"SB-5","","55.75","","PP = 4.5 tsf"
"SB-5","","10.75","","WC = 21.7%, Gravel = 52.1 %, Sand = 34.3 %, Fines = 13.5 %"
"SB-5","","50.75","","PP = 4.5 tsf, WC = 6.4 %, Gravel = 10 %, Sand = 30 %, Fines = 65 %"
"SB-5","","8.25","","PP = 2.5 tsf"
"SB-5","","25.75","","PP = 4.50 tsf"
"SB-5","","60.75","","Initial drive in SS-14 was 50/5"""
"SB-5","","35.00","","Initial drive in SS-9 was 50/6"""
"SB-5","","10.00","","@ 10.0' NATIVE CONTACT"
"SB-5","","45.00","","Initial drive in SS-11 was 50/6"""
"SB-5","","5.75","","PP = 2.0 tsf, WC = 5.3% LL = 42, PI = 4"
"SB-5","","20.75","","PP = 4.50 tsf, LL = 33, PI = 11"
"SB-5","","15.75","","PP = 4.50 tsf, WC= 15.4 %"
"SB-28","","2.50","","@ 2.5' NATIVE CONTACT, WC = 24.4 %"
"SB-28","","8.25","","PP = 1.5 tsf"
"SB-26","","10.75","","WC = 19.5 %, Fines = 62.7 %"
"SB-26","","50.15","","Initial drive in SS-11 was 50/4"""
"SB-26","","55.00","","Initial drive in SS-12 was 50/0"""
"SB-26","","0.00","","@ 0.0' NATIVE CONTACT "
"SB-26","","70.00","","Initial drive in SS-14 was 50/0"""
"SB-26","","15.75","","pH = 7.92 (15 ft to 16.5 ft) WC = 1.2 %, Gravel = 57.1 %, Sand = 33.5 %, Fines = 9.4 %"
"SB-26","","3.25","","pH = 5.13 (2.5 ft to 4 ft), WC = 14%, Fines = 36.5 %"
"SB-26","","30.00","","Initial drive in SS-7 was 50/3"""
"SB-26","","60.15","","Initial drive in SS-13 was 50/3"""
"SB-26","","20.20","","Initial drive in SS-6 was 50/5"""
"SB-41","","3.25","","PP = 3.0 tsf, pH = 2.26 (2.5 ft to 4 ft), Water Content (WC) = 22.4 %, Fines = 63.43 %"
"SB-41","","5.75","","Initial drive in MC-2 was 50/4"""
"SB-41","","30.75","","pH = 4.40 (30 ft to 31.5 ft)"
"SB-41","","35.75","","Initial drive in SS-9 was 50/0"""
"SB-41","","25.75","","PP = 0.5 tsf, pH = 3.13 (25 ft to 26.5 ft)"
"SB-41","","8.25","","PP = 1.0 tsf, pH = 2.28 (7.5 ft to 9 ft)"
"SB-41","","15.75","","pH = 3.16 (15 ft to 16.5 ft), WC = 30.1 %, Gravel = 41.0 %, Sand = 23.6 %, Fines = 35.4 %"
"SB-41","","15.50","","@ 15.5' NATIVE CONTACT"
"SB-13","","5.75","","PP = 2.5 tsf, Fines = 45.56 %"
"SB-13","","15.75","","PP = 4.5 tsf, C = 285 psf, phi = 27 deg, DS"
"SB-13","","10.75","","PP = 1.0 tsf"
"SB-13","","10.80","","PP = 1.5 tsf"
"SB-13","","25.75","","PP = 1.5 tsf, WC = 17.6 %, Su = 817 psf, DD = 108 pcf , UC"
"SB-13","","20.75","","PP = 2.5 tsf, WC = 21.8 %"
"SB-13","","30.75","","PP = 4.5 tsf"
"SB-13","","7.50","","@ 7.5' NATIVE CONTACT "
"SB-3","","5.75","","Liquid Limit (LL) = 25, Plasticity Index (PI) = 5, Gravel = 16.7 %, Sand = 57.5 %, Fines = 25.8 %"
"SB-3","","20.00","","Initial drive in SS-6 was 50/5"""
"SB-3","","60.10","","Terminated @ 60.1 ft bgs because of SPT and coring refusal. GW not encountered. "
"SB-3","","30.75","","PP = 4.5 tsf"
"SB-3","","0.00","","@ 0.0' NATIVE CONTACT "
"SB-3","","50.00","","Initial drive in SS-9 was 50/3"""
"SB-3","","10.75","","Gravel = 17.1 %, Sand = 54.4 %, Fines = 28.5 %"
"SB-3","","1.25","","pH = 4.82 (0 ft to 2.5 ft)"
"SB-3","","40.75","","PP = 4.5 tsf"
"SB-3","","8.25","","PP = 4.5 tsf, pH = 5.66 (7.5 ft to 9 ft), LL = 39, PI = 15"
"SB-3","","15.75","","Initial drive in SS-5 was 50/5"", pH = 6.01 (15 ft to 16.5 ft)"
"SB-3","","60.00","","Initial drive was SS-10 was 50/1"""
"SB-18","","80.00","","Initial drive in SS-15 was 50/0"""
"SB-18","","40.00","","@ 40.0' NATIVE CONTACT, poor recovery on core, 3 to 4 ft void possibility "
"SB-18","","46.00","","Large ANDESITE GRAVELS"
"SB-18","","110.00","","Initial drive in SS-18 was 50/0"""
"SB-18","","20.75","","pH = 3.9 (20 ft to 21.5 ft)"
"SB-18","","10.75","","DS, pH = 3.5 (10 ft to 11.5 ft)"
"SB-18","","25.75","","pH = 5 (25 ft to 26.5 ft), LL = 49, PI = 18"
"SB-18","","3.25","","pH = 4.5 (2.5 ft to 4 ft), Water Content (WC) = 9.6 % Gravel = 13.2 %, Sand = 46.3 %, Fines = 40.6 %"
"SB-18","","45.75","","pH = 6 (45 ft to 46.5 ft), Fines = 14.03 %"
"SB-18","","60.00","","Initial drive in SS-12 was 50/0"""
"SB-18","","15.75","","LL = 25, PI = 2"
"SB-18","","16.00","","CO, ST pushed at 750 psi, Fines = 35.83 %"
"SB-18","","100.00","","Initial drive in SS-17 was 50/0"""
"SB-18","","90.00","","Initial drive in SS-16 was 50/0"""
"SB-18","","5.75","","pH = 3.9 (5 ft to 6.5 ft), Liquid Limit (LL) = 36, Plasticity Index (PI) = 9, Fines = 43.6 %"
"SB-18","","40.75","","pH = 4.7 (40 ft to 41.5 ft)"
"SB-18","","8.25","","pH = 3.8 (7.5 ft to 9 ft)"
"SB-18","","50.00","","Inital drive in SS-12 was 50/1"" Gregg's Drilling adds water "
"SB-18","","35.75","","pH = 5.1 (35 ft to 36.5 ft)"
"SB-18","","30.75","","pH = 5 (30 ft to 31.5 ft)"
"SB-19","","70.00","","Initial drive in SS-16 was 50/0"""
"SB-19","","20.75","","Liquid Limit (LL) = 35, Plasticity Index (PI) = 9, Fines = 44.1 %, CO"
"SB-19","","40.75","","CO, UC"
"SB-19","","60.00","","@ 60.0' NATIVE CONTACT "
"SB-19","","50.75","","WC = 18.1 %, Gravel = 12.1 %, Sand = 52.4 %, Fines = 35.5 %"
"SB-19","","30.75","","Water Contact (WC) = 13.4 %"
"SB-19","","80.00","","Initial drive in SS-16 was 50/2"""
"SB-19","","90.00","","Initial drive in SS-16 was 50/3"""
"SB-29","","3.25","","PP = > 4.5 tsf, WC = 19.1 %"
"SB-29","","8.25","","Gregg's Drilling forgot to sample SS -3 @ 7.5 ft "
"SB-29","","0.00","","@ 0.0' NATIVE CONTACT "
"SB-29","","5.75","","Liquid Limit (LL) = 41, Plasticity Index (PI) = 9, Fines = 59.1 %, UC"
"SB-24","","60.00","","Initial drive in SS-12 was 50/1"""
"SB-24","","2.50","","@ 2.5' NATIVE CONTACT "
"SB-24","","25.75","","pH = 3.8 (25 ft to 26.5 ft) Appears more like weathered and pulverized rock, clay like when moist"
"SB-24","","35.15","","Initial drive in SS-9 was 50/3"""
"SB-24","","10.75","","pH = 3.3 (10 ft to 11.5 ft)"
"SB-24","","40.00","","Initial drive in SS-10 was 50/0"""
"SB-24","","1.25","","pH = 3 (0 ft to 2.5 ft)"
"SB-24","","8.25","","pH = 3.2 (7.5 ft to 9 ft)"
"SB-24","","10.20","","Initial drive in SS-4 was 50/5"""
"SB-24","","3.00","","WC = 30.4 %, Fines = 27 %"
"SB-24","","20.00","","Initial drive in SS-6 was 50/0"""
"SB-24","","5.20","","Initial drive in MC-2 was 50/5"""
"SB-24","","25.00","","Initial drive in SS-7 was 50/1"""
"SB-44","","15.75","","pH = 1.89 (15 ft to 16.5 ft), Fines = 37.7 %"
"SB-44","","25.75","","PP = 2.0 tsf, pH = 1.67 (25 ft to 26.5 ft)"
"SB-44","","3.25","","pH= 3.27 (2.5 ft to 5 ft)"
"SB-44","","37.50","","pH = 3.3 (35 ft to 40 ft)"
"SB-44","","20.75","","PP = 1.0 tsf, Water Content (WC) = 50.0%"
"SB-44","","40.75","","PP = 3.5 tsf, pH = 1.44 (40 ft to 41.5 ft)"
"SB-44","","5.75","","Liquid Limit (LL) = 52, Plasticity Index (PI) = 16, Fines = 39.1 %"
"SB-44","","13.25","","PP = 3.0 tsf"
"SB-44","","10.00","","@ 10.0' NATIVE CONTACT, DS"
"SB-44","","35.75","","PP = 3.5 tsf"
"SB-44","","18.50","","UC"
"SB-44","","22.50","","pH = 3.0 (20 ft to 25 ft)"
"SB-44","","30.75","","PP = 1.5 tsf, pH = 2.03 (30 ft to 31.5 ft), WC = 42.8 %, LL = 73, Plasticity Index PI = 29"
"SB-44","","47.50","","pH = 2.92 (45 ft to 50 ft)"
"SB-44","","23.25","","PP = 2.0 tsf"
"SB-44","","8.25","","PP = 3.0 tsf, pH = 1.78 (7.5 ft to 9 ft)"
"SB-44","","45.75","","WC = 39.8 %, Gravel = 0 %, Sand = 32.6 %, Fines = 67.4 %"
"SB-31","","30.20","","Initial drive in SS-8 was 50/5"""
"SB-31","","20.00","","Initial drive in MC-6 was 50/0"""
"SB-31","","5.00","","@ 5.0' NATIVE CONTACT"
"SB-31","","15.20","","Initial drive in SS-5 was 50/4"""
"SB-31","","60.00","","Drill rig stuck at 62 ft bgs, couldn't drill properly, total depth was 90 ft bgs but drilled till 67 ft bgs only. "
"SB-31","","7.50","","Initial drive in SS-3 was 50/4"""
"SB-31","","39.90","","Initial drive in SS-9 was 50/2"""
"SB-31","","25.15","","Initial drive in SS-7 was 50/3"""
"SB-31","","40.00","","Drilling was very hard and samples were steaming. All remaining samples till 67 ft are pulverzied ANDESITE . "
"SB-31","","59.90","","Initial drive in SS-10 was 50/1"""
"SB-14","","25.75","","pH = 5.0 (25 ft to 26.5 ft)"
"SB-14","","20.00","","@ 20.0' NATIVE CONTACT "
"SB-14","","5.75","","PP = 1.00 tsf, pH = 3.0 (5 ft to 6.5 ft)"
"SB-14","","10.75","","PP = 3.00 tsf, pH = 3.0 (10 ft to 11.5 ft)"
"SB-14","","3.25","","pH = 3.0 (2.5 ft to 4 ft), WC = 12.5 %, Fines = 42.11 %"
"SB-14","","15.75","","PP = 1.00 tsf, pH = 3.0 (15 ft to 16.5 ft), WC = 11.4 %"
"SB-14","","20.75","","pH = 4.0 (20 ft to 21.5 ft)"
"SB-14","","8.50","","No pressure applied on shelby tube, PP = 3.00 tsf, UC"
"SB-14","","8.25","","LL = 40, PI = 13, pH = 3.5 (7.5 ft to 9 ft), WC = 34.7 %, Su = 783 pcf, DD = 78 pcf, WC = 34.7 %"
"SB-14","","21.00","","WC = 31.8%, DD = 81 pcf, Cc = 0.2, Cr = 0.03, 800 psi applied to shelby tube, CO"
"SB-38","","15.75","","pH = 2.26 (15 ft to 16.5)"
"SB-38","","40.75","","Initial drive in MC-10 was 50/4"""
"SB-38","","20.75","","pH = 3.02 (20 ft to 21.5 ft), WC = 23.0 %, Gravel = 9.9 %, Sand = 68.9 %, Fines = 21.2 %"
"SB-38","","35.75","","pH = 2.67 (35 ft to 36.5 ft)"
"SB-38","","10.75","","PP = 4.0 tsf, Liquid Limit (LL) = 65, Plasticity Index (PI) = 31, UC"
"SB-38","","38.00","","Driller reported potential void from 37.5 to 40 ft"
"SB-38","","50.75","","No recovery in SS-12, Initial drive in SS-12 was 50/2"""
"SB-38","","60.75","","Initial drive in SS-13 was 50/3"""
"SB-38","","25.75","","pH = 2.89 (25 ft to 26.5 ft)"
"SB-38","","18.50","","Groundwater engaged @ 18.5 ft with water level meter"
"SB-38","","37.00","","Shoe on SS contained black fragmented ANDESITE chunks"
"SB-38","","30.75","","Fines = 20.6 %, DS"
"SB-38","","45.75","","Initial drive in SS-11 was 50/2"""
"SB-38","","8.25","","pH = 1.89 (7.5 ft to 9 ft)"
"SB-38","","5.75","","Fines = 32.6 %, DS"
"SB-38","","3.25","","pH = 2.52 (2.5 ft to 4 ft)"
"SB-38","","20.00","","@ 20' NATIVE CONTACT"
"SB-8","","20.75","","PP = 1.0 tsf, WC = 27%"
"SB-8","","16.00","","LL = 34, PI = 4 750 psi applied to shelby tube, WC = 0.6%"
"SB-8","","7.50","","@ 7.5' NATIVE CONTACT"
"SB-8","","10.75","","PP = 1.0 tsf, WC = 22.1 %"
"SB-8","","26.00","","LL = 30, PI = 8, WC = 4.2 %, Gravel = 1.2 %, Sand = 33 %, Fines = 65.8 % 500 psi applied to shelby tube "
"SB-8","","8.50","","250 psi applied to shelby tube PP = 1.0 tsf, LL = 49, PI = 19, DD = 75 pcf, Cc = 0.16 Cr = 0.07, CO, Fines = 58.46 %"
"SB-8","","4.00","","some red and white COBBLES "
"SB-7","","50.75","","PP = 4.50 tsf, LL = 37, PI = 16, WC = 19.6 %, Pyroclastic Flow"
"SB-7","","35.75","","PP = 4.50 tsf, WC = 20 %, DD = 105 pcf, Cc = 0.14, Cr = 0.04, CO"
"SB-7","","22.00","","@ 22' NATIVE CONTACT "
"SB-7","","21.00","","1500 PSI used on shelby tube"
"SB-7","","25.75","","PP = 4.50 tsf"
"SB-7","","3.25","","PP = 2.00 tsf, WC = 21.7%"
"SB-7","","45.75","","PP = 4.50 tsf"
"SB-7","","60.75","","PP = 4.50 tsf"
"SB-7","","20.75","","LL = 29, PI = 8, CO, Sulphur present "
"SB-7","","30.75","","PP = 4.50 tsf"
"SB-7","","15.75","","PP = 1.50 tsf, WC = 26.1 %, Gravel = 42.2 %, Sand = 40.7 %, Fines = 17.1 %"
"SB-7","","7.50","","@ 7.5' NATIVE CONTACT "
"SB-7","","40.75","","PP = 4.00 tsf"
"SB-7","","55.75","","PP = 4.50 tsf"
"SB-7","","11.00","","1000 psf used on shelby tube"
"SB-7","","8.25","","PP = 0.50 tsf, LL = 42, PI= 5, WC = 20.8 %, Gravel = 3.8 %, Sand = 47.6 %, Fines = 48.7 %"
"SB-25","","7.50","","@ 7.5' NATIVE CONTACT "
"SB-25","","50.00","","Initial drive in SS-10 was 50/0"""
"SB-25","","3.25","","pH = 3.2 (2.5 ft to 4 ft)"
"SB-25","","10.20","","Initial drive in MC-4 was 50/5"""
"SB-25","","40.10","","Initial drive in SS-9 was 50/2"""
"SB-25","","20.75","","sluff in 1st 6"""
"SB-25","","8.25","","pH = 3.4 (7.5 ft to 9 ft)"
"SB-25","","30.00","","Initial drive in SS-8 was 50/1"""
"SB-25","","25.00","","Initial drive in SS-7 was 50/2"""
"SB-25","","5.20","","Initial drive in MC-2 was 50/5"""
"SB-25","","15.75","","pH = 4.1 (15 ft to 16.5 ft)"
"SB-25","","5.75","","Liquid Limit (LL) = 59, Plasticity Index (PI) = 26, Fines = 28.2 %"
"SB-25","","20.10","","Initial drive in SS-6 was 50/2"""
"SB-25","","22.00","","pulverized ROCK at 21 ft to 23.5 ft"
"SB-23","","40.75","","PP= 4.5 tsf"
"SB-23","","25.00","","some white mineral or salt (may be QUARTZ)"
"SB-23","","16.00","","@ 16.0' NATIVE CONTACT, "
"SB-23","","15.75","","pH = 4.09 (15 ft to 16.5 ft), Gravel = 68.9 %, Sand = 21.9 %, Fines= 9.2 %"
"SB-23","","3.25","","pH = 3.38 (2.50 ft to 4 ft), WC = 14.9 %"
"SB-23","","30.75","","LL = 32, PI = 12, CO, UC"
"SB-23","","10.75","","Liquid Limit (LL)= 48, Plasticity Index (PI) = 11, Fines = 29.4 %"
"SB-23","","17.00","","Started adding water to drilling"
"SB-32","","15.75","","PP = 1.0 tsf, pH = 2.96 (15 ft to 16.5 ft)"
"SB-32","","8.25","","PP = 2.0 tsf, pH = 2.20 (7.5 ft to 9 ft)"
"SB-32","","10.75","","PP = 2.5 tsf, UC"
"SB-32","","62.50","","pH = 3.32 (60 ft to 65 ft)"
"SB-32","","65.75","","Perched GW encountered @ 65.0 ft bgs, Initial drive in MC-15 was 50/2"""
"SB-32","","55.75","","PP = 4.5 tsf"
"SB-32","","75.75","","Initial drive in SS-17 was 50/1"""
"SB-32","","50.75","","pH = 2.67 (50 ft to 51.5 ft), WC = 19.3 %, Fines = 35.1 %"
"SB-32","","40.75","","PP = 3.0 tsf"
"SB-32","","35.75","","LL = 39, PI = 16"
"SB-32","","62.75","","PP = 4.5 tsf"
"SB-32","","6.75","","Liquid Limit (LL) = 33, Plasticity Index (PI) = 9"
"SB-32","","68.50","","0.5 ft of hard ANDESITE layer "
"SB-32","","80.75","","Initial drive in SS-18 was 50/0"""
"SB-32","","85.75","","Initial drive in SS-19 was 50/1"""
"SB-32","","5.75","","PP = 3.5 tsf, Fines = 57.8 %, DS"
"SB-32","","3.25","","PP = 4.0 tsf, pH = 2.03 (2.5 ft to 4 ft)"
"SB-32","","42.50","","pH = 3.0 (40 ft to 45 ft)"
"SB-32","","35.00","","@ 35' NATIVE CONTACT, LL = 39, PI = 16, UC"
"SB-32","","30.75","","pH = 1.87 (30 ft to 31.5 ft)"
"SB-32","","25.75","","Fines = 18.2 %"
"SB-45","","25.75","","No recovery in SS-7, Rod advanced 18"" under its own weight; blowcount is zero "
"SB-45","","21.50","","@ 21.5' NATIVE CONTACT"
"SB-45","","8.25","","PP = 3.0 tsf, pH = 1.36 (7.5 ft to 9 ft)"
"SB-45","","20.75","","Gravel = 48.9 %, Sand = 43.0 %, Fines = 8.1 %"
"SB-45","","3.25","","PP = 4.5 tsf, pH = 1.88 (2.5 ft to 4 ft)"
"SB-45","","30.75","","pH = 1.96 (30 ft to 31.5 ft), Water Content (WC) = 13.2 %"
"SB-45","","40.75","","Liquid Limit (LL) = 70, Plasticity Index (PI) = 29, Fines = 67.8 %, UC"
"SB-45","","45.75","","pH = 4.22 (45 ft to 46.5 ft), Initial drive in SS-11 was 50/5"""
"SB-45","","35.75","","pH = 2.66 (35 ft to 36.5 ft)"
"SB-45","","15.75","","pH = 1.47 (15 ft to 16.5 ft)"
"SB-45","","50.75","","Initial drive in SS-12 was 50/0"""
"SB-2","","30.00","","Initial drive in MC-8 was 50/3"""
"SB-2","","3.25","","PP = 2.5 tsf"
"SB-2","","35.00","","Hard ROCK fine powdered polverized drillers reported, very hard, Initial drive in SS-9  was 50/1"""
"SB-2","","25.75","","Initial drive in SS-7 was 50/2"", PP = 1.5 tsf"
"SB-2","","15.00","","Initial drive in SS-5 was 50/2"""
"SB-2","","2.50","","@ 2.5' NATIVE CONTACT "
"SB-2","","20.00","","Initial drive in MC-6 was 50/4"""
"SB-2","","33.00","","solid ROCK cores"
"SB-17","","50.20","","Initial drive in SS-12 was 50/5"""
"SB-17","","5.75","","CO, PP = > 4.5 tsf, Liquid Limit (LL) = 44, Plasticity Index (PI) = 16 Fines = 60.2 %"
"SB-17","","20.75","","PP = > 4.5 tsf, WC = 12.4 %"
"SB-17","","60.20","","Initial drive in SS-13 was 50/5"""
"SB-17","","35.20","","Initial drive in SS-9 was 50/5"""
"SB-17","","70.75","","LL = 28, PI = 6 WC = 10.2 %"
"SB-17","","0.00","","@ 0.0' NATIVE CONTACT "
"SB-17","","10.75","","CO, PP = > 4.5 tsf LL = 37, PI = 13"
"SB-17","","15.75","","PP = > 4.5 tsf"
"SB-17","","3.25","","PP = > 4.5 tsf"
"SB-17","","8.25","","PP = > 4.5 tsf"
"SB-17","","90.25","","Initial drive in SS-9 was 50/6"""
"SB-6A","","3.25","","PP = 1.5 tsf, WC = 3.2 %, Su = 1425 psf, DD = 103 pcf, UC"
"SB-6A","","8.25","","PP = 3.0 tsf"
"SB-6A","","55.00","","Initial drive in SS-13 was 50/6"""
"SB-6A","","50.00","","Initial drive in SS-12 was 50/6"""
"SB-6A","","75.00","","Initial drive in SS-16 was 50/3"""
"SB-6A","","15.75","","LL = 26, PI = 6"
"SB-6A","","5.75","","LL = 38, PI = 14, WC = 21.4 %, DD = 83 PCF, Cc = 0.12, Cr = 0.04, CO"
"SB-6A","","45.00","","Initial drive in SS-11 was 50/4"""
"SB-6A","","25.75","","PP = 4.5 tsf"
"SB-6A","","35.00","","Initial drive in SS-9 was 50/5"""
"SB-6A","","80.00","","Initial drive in SS-17 was 50/1"""
"SB-6A","","30.75","","PP = 4.5 tsf"
"SB-6A","","10.75","","PP = 3.0 tsf"
"SB-6A","","16.00","","1800 PSF to shelby tube, PP = 4.5 tsf, Su = 1300 psf, DD = 110 pcf, WC = 12.6 %, CC = 0.13, CR = 0.03, CO, UC"
"SB-6A","","6.00","","1200 PSF applied to shelby tube, PP = 3.5 psf, Fines = 71.08 %"
"SB-6A","","0.00","","@ 0.0' NATIVE CONTACT"
"SB-6A","","20.75","","PP = 4.5 tsf"
"SB-15","","8.25","","PP = 1.5 tsf, pH = 3.5 (7.5 ft to 9 ft)"
"SB-15","","13.00","","driller reports potential void from 12 ft to 13 ft bgs "
"SB-15","","3.25","","PP = 4.5 tsf, pH = 3.0 (2.5 ft to 4 ft), WC = 25.4 %, Fines = 61.93 %"
"SB-15","","25.75","","pH = 2.5 (25 ft to 26.5 ft)"
"SB-15","","10.75","","Initial drive in SS-4 was 50/1"", pH = 4.0 (10 ft to 11.5 ft)"
"SB-15","","15.75","","PP = 2.0 tsf, pH = 3.5 (15 ft to 16.5 ft)"
"SB-15","","7.50","","@ 7.5' NATIVE CONTACT "
"SB-15","","30.75","","Initial drive in SS-8 was 50/5"", pH = 3.0 (30 ft to 31.5 ft)"
"SB-15","","20.75","","PP = 4.5 tsf, LL = 47, PI = 17, pH = 3.0 (20 ft to 21.5 ft)"
"SB-15","","5.75","","PP = 4.5 tsf, pH = 3.0 (5 ft to 6.5 ft)"
"SB-42","","35.75","","PP = 4.5 tsf"
"SB-42","","37.50","","pH = 7.75 (35 ft to 40 ft)"
"SB-42","","20.75","","WC = 34.3 %, HC, DS"
"SB-42","","10.75","","UC"
"SB-42","","12.50","","pH = 3.8 (10 ft to 15 ft)"
"SB-42","","15.75","","PP = 0.5 tsf, pH = 2.87 (15 ft to 16.5 ft)"
"SB-42","","5.75","","Liquid Limit (LL) = 50, Plasticity Index (PI) = 12, DS"
"SB-42","","3.25","","PP = 4.0 tsf, pH = 2.26 (2.5 ft to 4 ft)"
"SB-42","","45.75","","Initial drive in SS-11 was 50/0"""
"SB-42","","50.75","","Initial drive in SS-12 was 50/0"""
"SB-42","","26.00","","Saturated to dry"
"SB-42","","7.50","","@ 7.5' NATIVE CONTACT "
"SB-42","","8.25","","PP = 0.5 tsf, pH = 3.21 (7.5 ft to 9 ft)"
"SB-42","","27.50","","pH = 3.0 (25 ft to 30 ft)"
"SB-42","","2.50","","pH = 3.4 (0 ft to 5 ft)"
"SB-42","","30.75","","Fines = 13.8 %, UC"
"SB-21","","25.75","","Initial drive in SS-5 was 50/1"""
"SB-21","","5.75","","pH = 9.08 (5 ft to 6.5 ft)"
"SB-21","","42.00","","Pulverized ANDESITE and CLAY from around 42 ft to 43 ft"
"SB-21","","20.75","","Initial drive in MC-4 was 50/4"""
"SB-21","","8.25","","Liquid Limit (LL) = 44, Plasticity Index (PI) = 9, Fines = 9.09 %"
"SB-21","","0.50","","pH = 3.62 (0 ft to 1 ft)"
"SB-21","","20.00","","@ 20.0' NATIVE CONTACT "
"SB-21","","45.75","","Initial drive in SS-8 was 50/3"""
"SB-21","","1.00","","Started drilling with water"
"SB-22","","12.00","","ANDESITE from around 12 ft bgs, @ 12.0' NATIVE CONTACT "
"SB-22","","17.50","","pH = 6.4 (15 ft to 20 ft)"
"SB-22","","22.50","","pH = 7.7 (20 ft to 25 ft)"
"SB-22","","2.50","","pH = 5.9 (0 ft to 5 ft)"
"SB-22","","5.75","","Liquid Limit (LL) = 42, Plasticity Index (PI) = 9, Fines = 19.9 %, DS"
"SB-22","","5.00","","Sample seems quite disturbed might not be usable  "
"SB-22","","3.25","","pH = 1.04 (2.5 ft to 4 ft)"
"SB-46","","30.75","","SS 8 caved in; driller reported, cleaning boring and retrying SS 8, Initial drive in SS-8 was 50/5"""
"SB-46","","35.75","","PP = 0.0 tsf, Water Content (WC) = 29.6 %, LL = 42, PI = 18, Fines = 58.55 %"
"SB-46","","17.50","","pH = 3.69 (15' to 20')"
"SB-46","","20.75","","WC = 27.7 %, Fines = 29.9 %, HC"
"SB-46","","10.00","","@ 10.0' NATIVE CONTACT"
"SB-46","","12.50","","pH = 3.74 (10' to 15')"
"SB-46","","47.50","","pH = 6.83 (45' to 50')"
"SB-46","","3.75","","pH = 3.52 (2.5' to 5')"
"SB-46","","8.25","","PP = 1.0 tsf"
"SB-46","","3.25","","PP = 1.0 tsf"
"SB-46","","42.50","","pH = 5.62 (40' to 45')"
"SB-46","","5.75","","Liquid Limit (LL) = 37, Plasticity Index (PI) = 11, Fines = 21.9 %"
"SB-46","","8.75","","pH = 3.85 (7.5' to 10')"
"SB-46","","15.75","","PP = 1.5 tsf"
"SB-46","","27.50","","pH = 4.09 (25' to 30')"
"SB-46","","40.75","","Water Content (WC) = 51.9 %, Gravel = 37.3 %, Gravel = 47.4 %, Fines = 15.3 %"
"SB-46","","6.25","","pH = 4.02 (5' to 7.5')"
"SB-46","","37.50","","pH = 5.02 (35' to 40')"
"SB-46","","1.25","","pH = 3.42 (0' to 2.5')"
"SB-46","","32.50","","pH = 4.27 (30' to 35')"
"SB-46","","22.50","","pH = 3.75 (20' to 25')"
"SB-39","","17.50","","pH = 4.20 (15' to 20')"
"SB-39","","35.75","","PP = 0.5 TSF, Water Content (WC) = 28.9 %"
"SB-39","","37.50","","pH = 5.01 (35' to 40')"
"SB-39","","47.50","","pH = 5.50 (45' to 50')"
"SB-39","","27.50","","pH = 3.18 (25' to 30')"
"SB-39","","10.75","","DS"
"SB-39","","8.25","","PP = 0.5 TSF"
"SB-39","","30.75","","Initial drive in MC-8 was 50/3"""
"SB-39","","8.75","","pH = 2.93 (7.5' to 10')"
"SB-39","","4.75","","pH = 3.17 (2.5' to 5'), Fines = 91.0 %"
"SB-39","","12.50","","pH = 3.19 (10' to 15')"
"SB-39","","25.75","","Gravel = 31.1 %, Sand = 55.9 %, Fines = 12.9 %"
"SB-39","","20.75","","Gravel = 53.9 %, Sand = 32.5 %, Fines = 13.6 %, WC = 11.4 %"
"SB-39","","22.50","","pH = 3.74 (20' to 25') "
"SB-39","","3.25","","PP = 2.0 TSF"
"SB-39","","45.75","","Initial drive in SS-11 was 50/3"""
"SB-39","","5.75","","Liquid Limit (LL) = 79, Plasticity Index (PI) = 31, UC"
"SB-39","","6.25","","pH = 3.18 (5' to 7.5')"
"SB-39","","22.00","","@ 22' NATIVE CONTACT "
"SB-39","","40.75","","Gravel = 26.6 %, Sand = 53.3 %, Fines = 20.2 %, WC = 67.3, HC"
"SB-39","","1.25","","pH = 3.08 (0' to 2.5')"
"SB-20","","5.75","","LL = 40, PI = 16, Fines = 53.85 %"
"SB-20","","0.00","","@ 0.0' NATIVE CONTACT "
"SB-20","","15.15","","Initial drive in SS-5 was 50/3"""
"SB-20","","10.20","","Initial drive in MC-4 was 50/5"""
"SB-20","","3.25","","PP =  1.0 tsf, WC = 22.1 %"
"SB-35","","0.00",""," pH = 5.90 (0ft to 2.5 ft)"
"SB-35","","25.75","","pH = 4.10 pH (25 ft to 26.5 ft)"
"SB-35","","23.00","","@ 23' NATIVE CONTACT"
"SB-35","","3.25","","pH = 3.87 (2.5 ft to 4 ft)"
"SB-35","","8.25","","PP = 1.0 TSF pH = 3.8 (7.5 ft to 9 ft), Water Content (WC) = 34.6 %"
"SB-35","","5.75","","pH = 3.38 (5 ft to 6.5 ft), Fines = 23.2 %"
"SB-35","","23.30","","@ 23.3' GW"
"SB-35","","12.50","","pH = 3.85 pH (10 ft to 15 ft)"
"SB-35","","20.75","","pH = 3.30 pH (20 ft to 21.5 ft), Fines = 20.1 %"
"SB-35","","35.75","","pH = 5.69 pH (35 ft to 36.5 ft), WC = 12.7 %, Gravel = 37.2 %, Sand = 40.1 %, Fines = 22.7 %"
"SB-35","","15.75","","pH = 3.62 pH (15 ft to 16.5 ft)"
"SB-10","","80.75","","PP = 3.5 - 4.5 tsf"
"SB-10","","110.25","","PP = 4.5 tsf"
"SB-10","","100.25","","PP = 4.5 tsf"
"SB-10","","35.75","","PP = 1.0 - 3.5 tsf"
"SB-10","","37.00","","Driller reported potential void between 36 ft to 39 ft  bgs based on loss of coring resistance and limited core recovery "
"SB-10","","85.75","","PP = 4.5 tsf"
"SB-10","","75.75","","PP = 4.5 tsf"
"SB-10","","90.75","","PP = 4.0 tsf, WC = 15.3 %, Su = 718 psf, DD = 113 pcf, UC"
"SB-10","","25.75","","LL = 32, PI = 12, Cc = 0.12, Cr = 0.03, CO"
"SB-10","","120.25","","PP = 4.5 tsf"
"SB-10","","3.25","","PP = 3.5 tsf"
"SB-10","","20.75","","PP = 2.5 tsf"
"SB-10","","15.00","","PP = 1.0 - 2.0 tsf"
"SB-10","","30.75","","PP = 1.0 tsf"
"SB-10","","8.25","","PP = 1.0 tsf"
"SB-10","","125.25","","PP = 4.5 tsf"
"SB-10","","95.75","","PP = 1.5 tsf"
"SB-10","","60.75","","PP = 2.5 - 4.5 tsf"
"SB-10","","55.75","","PP = 4.0 tsf"
"SB-10","","45.75","","PP = 1.0 - 1.5 tsf"
"SB-10","","70.75","","PP = 2.5 - 4.5 tsf, WC = 28.3%, DD = 90 pcf, Cc=0.16, Cr=0.04, CO"
"SB-10","","11.25","","LL= 39, PI= 14"
"SB-10","","25.00","","@ 25.0' NATIVE CONTACT "
"SB-10","","65.75","","PP = 1.5 - 4.5 tsf"
"SB-10","","5.75","","WC = 23.5%, DD = 85 pcf, Cc=0.19, Cr=0.02, Fines = 27.83 %, CO"
"SB-10","","50.75","","PP = 4.0 tsf, WC = 17.7 %, DD = 107 pcf, Cc=0.1, Cr =0.02, CO"
"SB-10","","40.75","","Gravel = 17.8 %, Sand = 42 %, Fines = 40.2 %"
"SB-37","","20.75","","LL = 46, PI = 17, Fines = 54.2 %, UC"
"SB-37","","55.75","","Initial drive in SS-11 was 50/1"""
"SB-37","","35.00","","Driller forgot to sample to at 35 ft bgs"
"SB-37","","51.00","","800 psi applied to shelby tube "
"SB-37","","0.00","","@ 0.0' NATIVE CONTACT "
"SB-37","","10.50","","Tests Performed: Hydraulic Conductivity (HC), WC = 53.0 %, Fines = 57 %"
"SB-37","","5.75","","Liquid Limit (LL) =56, Plasticity Index (PI) = 31, UC"
"SB-37","","8.25","","PP = 1.5 tsf, Initial drive in SS-3 was 50/2"""
"SB-37","","45.00","","Sample went through 2 ft down due to weight of rod (ROD). No sample taken at 45 ft bgs, soil is extremely soft, blow count is approx 0 "
"SB-37","","3.25","","PP = 2.0 tsf"
"SB-37","","15.75","","PP = 0.5 tsf"
"SB-36","","35.75","","pH = 2.49 (35 ft to 36.5 ft)"
"SB-36","","75.75","","Initial drive in SS-15 was 50/0"""
"SB-36","","55.75","","pH = 4.38 (55 ft to 56.5 ft)"
"SB-36","","55.00","","Drillers report boring caving in with slough on bottom, attempting to bail cave in material. Re-attempt to collect blowcount, weight of rod push to 18"", final blowcount: 1/18"" "
"SB-36","","40.00","","@ 40.0 NATIVE CONTACT "
"SB-36","","80.75","","Initial drive in SS-16 was 50/0"""
"SB-36","","10.75","","pH = 2.31 (10 ft to 11.5 ft)"
"SB-36","","20.75","","pH = 4.01 (20 ft to 21.5 ft), WC = 9.6 %, Fines = 17.32 %"
"SB-36","","26.00","","No recovery @ SS-7"
"SB-36","","45.75","","pH = 2.26 (45 ft to 46.5 ft), WC = 16.5 %"
"SB-36","","8.25","","PP = 2.0 TSF, pH = 1.67 (7.5 ft to 9 ft), Water Content (WC) = 20.6 %"
"SB-36","","3.25","","PP = 2.0 TSF, pH = 1.84 (2.5 ft to 4 ft)"
"SB-36","","40.75","","pH = 2.03 (40 ft to 41.5 ft) WC = 16.5 %, @ 40' NATIVE CONTACT"
"SB-36","","50.75","","pH = 3.29 (50 ft to 51.5 ft), WC = 18.9 %, Fines = 41.85 %"
"SB-36","","30.75","","pH = 3.88 (30 ft to 31.5 ft), WC = 24.9 %, Gravel = 52.9 %, Sand = 20.4 %, Fines = 26.8 %"
"SB-36","","15.75","","pH = 3.38 (15 ft to 16.5 ft)"
"SB-36","","5.00","","No recovery @ SS-2"
"SB-16","","20.75","","PP = 2.5 tsf"
"SB-16","","8.25","","PP = 2.0 tsf, WC = 26.2 %, Fines = 64.38 %"
"SB-16","","3.25","","PP = 4.5 tsf, WC =18.2 %, Fines = 49.05 %"
"SB-16","","15.75","","PP = 2.5 tsf"
"SB-16","","25.75","","PP = 4.0 tsf, WC = 12.7 %"
"SB-16","","5.00","","@ 5.0' NATIVE CONTACT "
"SB-16","","5.75","","PP = 4.5 tsf"
"SB-16","","10.75","","PP = 4.5 tsf"
"SB-4","","50.00","","Initial drive in SS-11 was 50/5"""
"SB-4","","70.00","","Initial drive in SS-13 was 50/2"""
"SB-4","","35.75","","Initial drive in SS-9 was 50/4"", pH = 4.03"
"SB-4","","30.75","","pH = 4.21 (30 ft to 31.5 ft)"
"SB-4","","10.75","","PP = 4.5 tsf, Gravel = 23.9 %, Sand = 50.9 %, Fines = 25.2 %"
"SB-4","","5.75","","PP = 4.5 tsf"
"SB-4","","15.75","","PP = 2.5 tsf, pH = 3.67 (15 ft to 16.5 ft)"
"SB-4","","25.75","","PP = 4.0 tsf, pH = 1.98 (25 ft to 26.5 ft)"
"SB-4","","3.25","","PP= 4.5 tsf, pH = 1.66 (2.5 ft to 4 ft), Liquid Limit (LL) = 34, Plasticity Index (PI) = 9, Gravel = 12.2 %, Sand = 36.3 %, Fines = 51.5 %"
"SB-4","","20.75","","PP = 2.5 tsf, Fines = 20.12 %"
"SB-4","","23.00","","@ 23' NATIVE CONTACT"
"SB-4","","8.25","","PP = 2.0 tsf, pH = 2.03 (7.5 ft to 9 ft)"
"SB-4","","75.00","","Initial drive in SS-14 was 50/0"""
"SB-43","","5.75","","PP = 1.0 tsf, WC = 13.6 %, Fines = 34.47 %"
"SB-43","","12.00","","@ 12.0' NATIVE CONTACT "
"SB-43","","20.75","","pH = 2.54 (20 ft to 21.5 ft), WC = 18.7 %, Gravel = 57.2 %, Sand = 32.0 %, Fines = 10.8 %"
"SB-43","","3.25","","pH = 2.17 (2.5 ft to 4 ft), Water Content (WC) = 13.4 %"
"SB-43","","8.25","","PP = 1.0 tsf, pH = 2.19 (7.5 ft to 9 ft), WC = 17.3 %"
"SB-43","","13.25","","WC = 27.6 %, Fines = 35.13 %"
"SB-43","","15.75","","pH = 2.49 (15 ft to 16.5 ft)"
"SB-12","","30.75","","PP = 4.5 tsf"
"SB-12","","3.25","","WC = 36.4 %, Gravel = 7.7 %, Sand = 59 %, Fines = 33.3 %"
"SB-12","","45.75","","PP = 2.5 tsf"
"SB-12","","26.00","","PP = 1.5 tsf"
"SB-12","","7.50","","@ 7.5' NATIVE CONTACT "
"SB-12","","8.25","","WC = 18.8 %"
"SB-12","","55.75","","PP = 4.5 tsf"
"SB-12","","80.75","","Initial drive in SS-17 was 50/2"", PP = 4.5 tsf"
"SB-12","","65.75","","PP = 4.5 tsf"
"SB-12","","35.75","","PP = 4.0 tsf"
"SB-12","","50.75","","PP = 3.5 tsf, WC = 19.1 %, Su = 1879 psf, DD = 110 pcf, UC"
"SB-12","","70.75","","PP = 4.5 tsf"
"SB-12","","60.75","","PP = 4.5 tsf, WC = 15.6 %"
"SB-12","","20.75","","Gravel = 59.4 %, Sand = 26.9 %, Fines = 13.7 %"
"SB-12","","40.75","","PP = 4.5 tsf, LL = 26, PI = 4"
"SB-12","","11.00","","yellow soil due to Sulphur "
"SB-12","","25.75","","LL = 32, PI = 11"
"SB-40","","30.00","","@ 30.0' NATIVE CONTACT"
"SB-40","","5.75","","Liquid Limit (LL) = 40, Plasticity Index (PI) = 15, Fines = 58.4 %, UC"
"SB-40","","42.50","","pH = 3.89 (40' to 45')"
"SB-40","","27.50","","pH = 4.17 (25' to 30')"
"SB-40","","50.75","","Initial drive in SS-12 was 50/3"""
"SB-40","","32.50","","pH = 3.57 (30' to 35')"
"SB-40","","8.75","","pH = 3.15 (7.5' to 10')"
"SB-40","","40.75","","Gravel = 42.4 %, Sand = 42.3 %, Fines = 15.3 %"
"SB-40","","8.25","","PP = 2.0 tsf"
"SB-40","","37.50","","pH = 3.95 (35' to 40')"
"SB-40","","3.75","","pH = 3.50 (2.5' to 5.0')"
"SB-40","","30.75","","Gravel = 29.7 %, Sand = 39.9 %, Fines = 30.4 %, WC = 39.4 %"
"SB-40","","22.50","","pH = 3.81 (20' to 25')"
"SB-40","","15.75","","PP = 2.5 tsf, Fines = 43 %, WC = 32.9 %"
"SB-40","","47.50","","pH = 3.81 (45' to 50')"
"SB-40","","3.25","","PP = 3.0 tsf"
"SB-40","","17.50","","pH = 3.27 (15' to 20')"
"SB-40","","12.50","","pH = 3.21 (10' to 15')"
"SB-40","","6.25","","pH = 3.57 (5.0' to 7.5')"
